Workbook

Sheet İCMAL 
J2: EMAK ELK.MAK.LTD.ŞTİ.
C3: İSLAMHANELERİ İÇ TESİSAT ELEKTRİK İŞLERİ | J3: 46279
B4: SIRA | C4: BAĞIMSIZ BÖLÜM TİP | D4: MALZEME TUTAR TL | E4: İŞÇİLİK TUTAR TL | F4: GENEL GİDER TUTAR TL | G4: FİRMA KARI TUTAR TL | H4: TİP TOPLAM TUTAR TL | I4: TİP TOPLAMI | J4: .
B6: 1 | C6: İÇ TESİSAT İŞLERİ | D6: ='İÇ TESİSAT'!I6 -> 137250 | E6: ='İÇ TESİSAT'!K6 -> 133250 | F6: ='İÇ TESİSAT'!M6 -> 27050 | G6: ='İÇ TESİSAT'!O6 -> 27050 | H6: =D6+E6+F6+G6 -> 324600 | I6: 18 | J6: =H6*I6 -> 5842800
B7: =B6+1 -> 2 | C7: ANAHTAR PRİZ AYDINLATMA MONTAJ | D7: ='MONTAJ '!H6 -> 0 | E7: ='MONTAJ '!J6 -> 18360 | F7: ='MONTAJ '!L6 -> 1836 | G7: ='MONTAJ '!N6 -> 1836 | H7: =D7+E7+F7+G7 -> 22032 | I7: 18 | J7: =H7*I7 -> 396576
D8: ARA TOPLAM | J8: =SUM(J6:J7) -> 6239376
D9: KDV %20 | J9: =J8*0.2 -> 1247875.2
D10: GENEL TOPLAM | J10: =SUM(J8:J9) -> 7487251.2
B12: NOTLAR
B13: ANAHTAR PRİZ ÜRÜNLERİ FİYATA DAHİL EDİLMEMİŞTİR.
B14: AYDINLATMA ÜRÜNLERİ FİYATA DAHİL EDİLMEMİŞTİR.

Sheet İÇ TESİSAT
L2: GENEL GİDER | N2: FİRMA KARI
L3: 0.1 | N3: 0.1
Q4: ='İCMAL '!J3 -> 46279
H5: MALZEME | J5: İŞÇİLİK | L5: GENEL GİDER | M5: G. GİDER TUTAR TL | N5: FİRMA KARI | O5: G. GİDER TUTAR TL | P5: GENEL TOPLAM
C6: ='İCMAL '!C3 -> İSLAMHANELERİ İÇ TESİSAT ELEKTRİK İŞLERİ | H6: GENEL TOPLAM | I6: =I24+I28+I32 -> 137250 | J6: GENEL TOPLAM | K6: =K24+K28+K32 -> 133250 | L6: GENEL TOPLAM | M6: =M24+M28+M32 -> 27050 | N6: GENEL TOPLAM | O6: =O24+O28+O32 -> 27050 | P6: GENEL TOPLAM | Q6: =Q24+Q28+Q32 -> 324600
C7: POZ | D7: AYDINLATMA / PRİZ SORTİLERİ | E7: MARKA | F7: MİKTARI | G7: BR. | H7: B. FİYAT | I7: TOPLAM | J7: B. FİYAT | K7: TOPLAM | L7: B. FİYAT | M7: TOPLAM | N7: B. FİYAT | O7: TOPLAM | P7: B. FİYAT | Q7: TOPLAM
C8: 1 | D8: ELEKTRİKLİ OCAK BESLEME SORTİSİ (PANODAN YEKPARE 5x2,5 mm2 NHXMH KABLO İLE) | E8: HES - NEXANS | F8: 1 | G8: Ad | H8: 1500 | I8: =F8*H8 -> 1500 | J8: 1500 | K8: =F8*J8 -> 1500 | L8: =(H8+J8)*$L$3 -> 300 | M8: =+L8*F8 -> 300 | N8: =(J8+H8)*$N$3 -> 300 | O8: =+N8*F8 -> 300 | P8: =H8+J8+L8+N8 -> 3600 | Q8: =F8*P8 -> 3600
C9: =C8+1 -> 2 | D9: FIRIN SORTİSİ (PANODAN YEKPARE 3X2,5 mm2 NHXMH KABLO İLE) | E9: HES - NEXANS | F9: 1 | G9: Ad | H9: 1500 | I9: =F9*H9 -> 1500 | J9: 1500 | K9: =F9*J9 -> 1500 | L9: =(H9+J9)*$L$3 -> 300 | M9: =+L9*F9 -> 300 | N9: =(J9+H9)*$N$3 -> 300 | O9: =+N9*F9 -> 300 | P9: =H9+J9+L9+N9 -> 3600 | Q9: =F9*P9 -> 3600
C10: =C9+1 -> 3 | D10: BUZDOLABI SORTİSİ (PANODAN YEKPARE 5x2,5 mm2 NHXMH KABLO İLE) | E10: HES - NEXANS | F10: 1 | G10: Ad | H10: 1500 | I10: =F10*H10 -> 1500 | J10: 1500 | K10: =F10*J10 -> 1500 | L10: =(H10+J10)*$L$3 -> 300 | M10: =+L10*F10 -> 300 | N10: =(J10+H10)*$N$3 -> 300 | O10: =+N10*F10 -> 300 | P10: =H10+J10+L10+N10 -> 3600 | Q10: =F10*P10 -> 3600
C11: =C10+1 -> 4 | D11: ASPIRATÖR SORTİ (PANODAN YEKPARE 3x2,5mm2 NHXMH KABLO İLE) | E11: HES - NEXANS | F11: 1 | G11: Ad | H11: 1500 | I11: =F11*H11 -> 1500 | J11: 1500 | K11: =F11*J11 -> 1500 | L11: =(H11+J11)*$L$3 -> 300 | M11: =+L11*F11 -> 300 | N11: =(J11+H11)*$N$3 -> 300 | O11: =+N11*F11 -> 300 | P11: =H11+J11+L11+N11 -> 3600 | Q11: =F11*P11 -> 3600
C12: =C11+1 -> 5 | D12: ÇAMAŞIR - KURUTMA MAKİNASI SORTİ (PANODAN YEKPARE 3x2,5mm2 NHXMH KABLO İLE) | E12: HES - NEXANS | F12: 2 | G12: Ad | H12: 1500 | I12: =F12*H12 -> 3000 | J12: 1500 | K12: =F12*J12 -> 3000 | L12: =(H12+J12)*$L$3 -> 300 | M12: =+L12*F12 -> 600 | N12: =(J12+H12)*$N$3 -> 300 | O12: =+N12*F12 -> 600 | P12: =H12+J12+L12+N12 -> 3600 | Q12: =F12*P12 -> 7200
C13: =C12+1 -> 6 | D13: BULAŞIK MAKİNASI SORTİ (PANODAN YEKPARE 3x2,5mm2 NHXMH KABLO İLE) | E13: HES - NEXANS | F13: 1 | G13: Ad | H13: 1500 | I13: =F13*H13 -> 1500 | J13: 1500 | K13: =F13*J13 -> 1500 | L13: =(H13+J13)*$L$3 -> 300 | M13: =+L13*F13 -> 300 | N13: =(J13+H13)*$N$3 -> 300 | O13: =+N13*F13 -> 300 | P13: =H13+J13+L13+N13 -> 3600 | Q13: =F13*P13 -> 3600
C14: =C13+1 -> 7 | D14: GÜVENLİK HATLI PRİZ SORTİ (3x2,5 mm2 NHXMH KABLO İLE) | E14: HES - NEXANS | F14: 31 | G14: Ad | H14: 1500 | I14: =F14*H14 -> 46500 | J14: 1500 | K14: =F14*J14 -> 46500 | L14: =(H14+J14)*$L$3 -> 300 | M14: =+L14*F14 -> 9300 | N14: =(J14+H14)*$N$3 -> 300 | O14: =+N14*F14 -> 9300 | P14: =H14+J14+L14+N14 -> 3600 | Q14: =F14*P14 -> 111600
C15: =C14+1 -> 8 | D15: AYDINLATMA BESLEME SORTİ (2x1,5 mm2 NHXMH KABLO İLE) | E15: HES - NEXANS | F15: 11 | G15: Ad | H15: 1500 | I15: =F15*H15 -> 16500 | J15: 1500 | K15: =F15*J15 -> 16500 | L15: =(H15+J15)*$L$3 -> 300 | M15: =+L15*F15 -> 3300 | N15: =(J15+H15)*$N$3 -> 300 | O15: =+N15*F15 -> 3300 | P15: =H15+J15+L15+N15 -> 3600 | Q15: =F15*P15 -> 39600
C16: =C15+1 -> 9 | D16: PARALEL AYDINLATMA BESLEME SORTİ (2x1,5 mm2 NHXMH KABLO İLE) | E16: HES - NEXANS | F16: 5 | G16: Ad | H16: 950 | I16: =F16*H16 -> 4750 | J16: 800 | K16: =F16*J16 -> 4000 | L16: =(H16+J16)*$L$3 -> 175 | M16: =+L16*F16 -> 875 | N16: =(J16+H16)*$N$3 -> 175 | O16: =+N16*F16 -> 875 | P16: =H16+J16+L16+N16 -> 2100 | Q16: =F16*P16 -> 10500
C17: =C16+1 -> 10 | D17: SENSÖRLÜ AYDINLATMA BESLEME SORTİ (2x1,5 mm2 NHXMH KABLO İLE) | E17: HES - NEXANS | F17: 1 | G17: Ad | H17: 1250 | I17: =F17*H17 -> 1250 | J17: 1500 | K17: =F17*J17 -> 1500 | L17: =(H17+J17)*$L$3 -> 275 | M17: =+L17*F17 -> 275 | N17: =(J17+H17)*$N$3 -> 275 | O17: =+N17*F17 -> 275 | P17: =H17+J17+L17+N17 -> 3300 | Q17: =F17*P17 -> 3300
C18: =C17+1 -> 11 | D18: N.ANAHTAR AYDINLATMA SORTİ (3x1,5 mm2 NHXMH KABLO İLE) | E18: HES - NEXANS | F18: 6 | G18: Ad | H18: 1250 | I18: =F18*H18 -> 7500 | J18: 1500 | K18: =F18*J18 -> 9000 | L18: =(H18+J18)*$L$3 -> 275 | M18: =+L18*F18 -> 1650 | N18: =(J18+H18)*$N$3 -> 275 | O18: =+N18*F18 -> 1650 | P18: =H18+J18+L18+N18 -> 3300 | Q18: =F18*P18 -> 19800
C19: =C18+1 -> 12 | D19: VEAVİEN ANAHTAR AYDINLATMA SORTİ (3x1,5 mm2 NHXMH KABLO İLE) | E19: HES - NEXANS | F19: 12 | G19: Ad | H19: 1250 | I19: =F19*H19 -> 15000 | J19: 1250 | K19: =F19*J19 -> 15000 | L19: =(H19+J19)*$L$3 -> 250 | M19: =+L19*F19 -> 3000 | N19: =(J19+H19)*$N$3 -> 250 | O19: =+N19*F19 -> 3000 | P19: =H19+J19+L19+N19 -> 3000 | Q19: =F19*P19 -> 36000
C20: =C19+1 -> 13 | D20: DEVİATÖR ANAHTAR AYDINLATMA SORTİ (3x1,5 mm2 NHXMH KABLO İLE) | E20: HES - NEXANS | F20: 2 | G20: Ad | H20: 1250 | I20: =F20*H20 -> 2500 | J20: 1250 | K20: =F20*J20 -> 2500 | L20: =(H20+J20)*$L$3 -> 250 | M20: =+L20*F20 -> 500 | N20: =(J20+H20)*$N$3 -> 250 | O20: =+N20*F20 -> 500 | P20: =H20+J20+L20+N20 -> 3000 | Q20: =F20*P20 -> 6000
... C22: =C21+1 -> 15 | D22: KLİMA DIŞ ÜNİTE SORTİ (PANODAN YEKPARE 3x2,5mm2 NHXMH KABLO İLE) | E22: HES - NEXANS | F22: 1 | G22: Ad | H22: 3500 | I22: =F22*H22 -> 3500 | J22: 3000 | K22: =F22*J22 -> 3000 | L22: =(H22+J22)*$L$3 -> 650 | M22: =+L22*F22 -> 650 | N22: =(J22+H22)*$N$3 -> 650 | O22: =+N22*F22 -> 650 | P22: =H22+J22+L22+N22 -> 7800 | Q22: =F22*P22 -> 7800
C23: =C21+1 -> 15 | D23: DİAFON SORTİ (2x1,5 mm2 NHXMH İLE) | E23: HES - NEXANS | F23: 1 | G23: Ad | H23: 1250 | I23: =F23*H23 -> 1250 | J23: 1250 | K23: =F23*J23 -> 1250 | L23: =(H23+J23)*$L$3 -> 250 | M23: =+L23*F23 -> 250 | N23: =(J23+H23)*$N$3 -> 250 | O23: =+N23*F23 -> 250 | P23: =H23+J23+L23+N23 -> 3000 | Q23: =F23*P23 -> 3000
H24: TOPLAM | I24: =SUM(I8:I23) -> 113750 | J24: TOPLAM | K24: =SUM(K8:K23) -> 114250 | L24: TOPLAM | M24: =SUM(M8:M23) -> 22800 | N24: TOPLAM | O24: =SUM(O8:O23) -> 22800 | P24: TOPLAM | Q24: =SUM(Q8:Q23) -> 273600
C25: POZ | D25: ZAYIF AKIM KABLOLAMA | E25: MARKA | F25: MİK. | G25: BR. | H25: B. FİYAT | I25: TOPLAM | J25: B. FİYAT | K25: TOPLAM | L25: B. FİYAT | M25: TOPLAM | N25: B. FİYAT | O25: TOPLAM | P25: B. FİYAT | Q25: TOPLAM
C26: =C23+1 -> 16 | D26: DATA SORTİ (PANODAN YEKPARE CAT6 KABLO İLE) | E26: HES - NEXANS | F26: 4 | G26: Ad | H26: 1750 | I26: =F26*H26 -> 7000 | J26: 1500 | K26: =F26*J26 -> 6000 | L26: =(H26+J26)*$L$3 -> 325 | M26: =+L26*F26 -> 1300 | N26: =(J26+H26)*$N$3 -> 325 | O26: =+N26*F26 -> 1300 | P26: =H26+J26+L26+N26 -> 3900 | Q26: =F26*P26 -> 15600
C27: =C26+1 -> 17 | D27: TV SORTİ (PANODAN YEKPARERG6U6 KABLO İLE) | E27: HES - NEXANS | F27: 3 | G27: Ad | H27: 1750 | I27: =F27*H27 -> 5250 | J27: 1500 | K27: =F27*J27 -> 4500 | L27: =(H27+J27)*$L$3 -> 325 | M27: =+L27*F27 -> 975 | N27: =(J27+H27)*$N$3 -> 325 | O27: =+N27*F27 -> 975 | P27: =H27+J27+L27+N27 -> 3900 | Q27: =F27*P27 -> 11700
H28: TOPLAM | I28: =SUM(I26:I27) -> 12250 | J28: TOPLAM | K28: =SUM(K26:K27) -> 10500 | L28: TOPLAM | M28: =SUM(M26:M27) -> 2275 | N28: TOPLAM | O28: =SUM(O26:O27) -> 2275 | P28: TOPLAM | Q28: =SUM(Q26:Q27) -> 27300
C29: POZ | D29: ANA DAĞITIM PANOSU - ZAYIF AKIM PANOSU - KAT BESLEMELERİ KUVVET KABLOLAMA | E29: MARKA | F29: MİK. | G29: BR. | H29: B. FİYAT | I29: TOPLAM | J29: B. FİYAT | K29: TOPLAM | L29: B. FİYAT | M29: TOPLAM | N29: B. FİYAT | O29: TOPLAM | P29: B. FİYAT | Q29: TOPLAM
C30: =C27+1 -> 18 | D30: 36 LI SİGORTA KUTUSU LEGRAND ŞALT DAHİL | E30: LEGRAND-MUTLUSAN | F30: 1 | G30: Ad | H30: 10000 | I30: =F30*H30 -> 10000 | J30: 7500 | K30: =F30*J30 -> 7500 | L30: =(H30+J30)*$L$3 -> 1750 | M30: =+L30*F30 -> 1750 | N30: =(J30+H30)*$N$3 -> 1750 | O30: =+N30*F30 -> 1750 | P30: =H30+J30+L30+N30 -> 21000 | Q30: =F30*P30 -> 21000
C31: =C30+1 -> 19 | D31: 12 Lİ SİGORTA KUTUSU (ZAYIF AKIM) | E31: LEGRAND-MUTLUSAN | F31: 1 | G31: Ad | H31: 1250 | I31: =F31*H31 -> 1250 | J31: 1000 | K31: =F31*J31 -> 1000 | L31: =(H31+J31)*$L$3 -> 225 | M31: =+L31*F31 -> 225 | N31: =(J31+H31)*$N$3 -> 225 | O31: =+N31*F31 -> 225 | P31: =H31+J31+L31+N31 -> 2700 | Q31: =F31*P31 -> 2700
H32: TOPLAM | I32: =SUM(I30:I31) -> 11250 | J32: TOPLAM | K32: =SUM(K30:K31) -> 8500 | L32: TOPLAM | M32: =SUM(M30:M31) -> 1975 | N32: TOPLAM | O32: =SUM(O30:O31) -> 1975 | P32: TOPLAM | Q32: =SUM(Q30:Q31) -> 23700

Sheet MONTAJ 
K2: GENEL GİDER | M2: FİRMA KARI
K3: 0.1 | M3: 0.1
P4: ='İCMAL '!J3 -> 46279
G5: MALZEME | I5: İŞÇİLİK | K5: GENEL GİDER | L5: G. GİDER TUTAR TL | M5: FİRMA KARI | N5: G. GİDER TUTAR TL | O5: GENEL TOPLAM
B6: ='İCMAL '!C3 -> İSLAMHANELERİ İÇ TESİSAT ELEKTRİK İŞLERİ | G6: GENEL TOPLAM | H6: =H19+H24 -> 0 | I6: GENEL TOPLAM | J6: =J19+J24 -> 18360 | K6: GENEL TOPLAM | L6: =L19+L24 -> 1836 | M6: GENEL TOPLAM | N6: =N19+N24 -> 1836 | O6: GENEL TOPLAM | P6: =P19+P24 -> 22032
B7: POZ | C7: ANAHTAR PRİZ | D7: MARKA | E7: MİK. | F7: BR. | G7: B. FİYAT | H7: TOPLAM | I7: B. FİYAT | J7: TOPLAM | K7: B. FİYAT | L7: TOPLAM | M7: B. FİYAT | N7: TOPLAM | O7: B. FİYAT | P7: TOPLAM
B8: 1 | C8: NORMAL ANAHTAR | D8: İŞVEREN | E8: 6 | F8: Ad | H8: =E8*G8 -> 0 | I8: 100 | J8: =E8*I8 -> 600 | K8: =(G8+I8)*$K$3 -> 10 | L8: =+K8*E8 -> 60 | M8: =(I8+G8)*$M$3 -> 10 | N8: =+M8*E8 -> 60 | O8: =G8+I8+K8+M8 -> 120 | P8: =E8*O8 -> 720
B9: =B8+1 -> 2 | C9: VEAVİEN ANAHTAR | D9: İŞVEREN | E9: 12 | F9: Ad | H9: =E9*G9 -> 0 | I9: 100 | J9: =E9*I9 -> 1200 | K9: =(G9+I9)*$K$3 -> 10 | L9: =+K9*E9 -> 120 | M9: =(I9+G9)*$M$3 -> 10 | N9: =+M9*E9 -> 120 | O9: =G9+I9+K9+M9 -> 120 | P9: =E9*O9 -> 1440
B10: =B9+1 -> 3 | C10: DEVİATÖR ANAHTAR | D10: İŞVEREN | E10: 2 | F10: Ad | H10: =E10*G10 -> 0 | I10: 100 | J10: =E10*I10 -> 200 | K10: =(G10+I10)*$K$3 -> 10 | L10: =+K10*E10 -> 20 | M10: =(I10+G10)*$M$3 -> 10 | N10: =+M10*E10 -> 20 | O10: =G10+I10+K10+M10 -> 120 | P10: =E10*O10 -> 240
B11: =B10+1 -> 4 | C11: PRİZ | D11: İŞVEREN | E11: 33 | F11: Ad | H11: =E11*G11 -> 0 | I11: 150 | J11: =E11*I11 -> 4950 | K11: =(G11+I11)*$K$3 -> 15 | L11: =+K11*E11 -> 495 | M11: =(I11+G11)*$M$3 -> 15 | N11: =+M11*E11 -> 495 | O11: =G11+I11+K11+M11 -> 180 | P11: =E11*O11 -> 5940
B12: =B11+1 -> 5 | C12: KAPAKLI PRİZ | D12: İŞVEREN | E12: 5 | F12: Ad | H12: =E12*G12 -> 0 | I12: 150 | J12: =E12*I12 -> 750 | K12: =(G12+I12)*$K$3 -> 15 | L12: =+K12*E12 -> 75 | M12: =(I12+G12)*$M$3 -> 15 | N12: =+M12*E12 -> 75 | O12: =G12+I12+K12+M12 -> 180 | P12: =E12*O12 -> 900
B13: =B12+1 -> 6 | C13: TV PRİZ | D13: İŞVEREN | E13: 3 | F13: Ad | H13: =E13*G13 -> 0 | I13: 150 | J13: =E13*I13 -> 450 | K13: =(G13+I13)*$K$3 -> 15 | L13: =+K13*E13 -> 45 | M13: =(I13+G13)*$M$3 -> 15 | N13: =+M13*E13 -> 45 | O13: =G13+I13+K13+M13 -> 180 | P13: =E13*O13 -> 540
B14: =B13+1 -> 7 | C14: DATA PRİZ | D14: İŞVEREN | E14: 4 | F14: Ad | H14: =E14*G14 -> 0 | I14: 150 | J14: =E14*I14 -> 600 | K14: =(G14+I14)*$K$3 -> 15 | L14: =+K14*E14 -> 60 | M14: =(I14+G14)*$M$3 -> 15 | N14: =+M14*E14 -> 60 | O14: =G14+I14+K14+M14 -> 180 | P14: =E14*O14 -> 720
B15: =B14+1 -> 8 | C15: TEKLİ ÇERÇEVE | D15: İŞVEREN | E15: 19 | F15: Ad | H15: =E15*G15 -> 0 | I15: 80 | J15: =E15*I15 -> 1520 | K15: =(G15+I15)*$K$3 -> 8 | L15: =+K15*E15 -> 152 | M15: =(I15+G15)*$M$3 -> 8 | N15: =+M15*E15 -> 152 | O15: =G15+I15+K15+M15 -> 96 | P15: =E15*O15 -> 1824
B16: =B15+1 -> 9 | C16: İKİLİ ÇERÇEVE | D16: İŞVEREN | E16: 11 | F16: Ad | H16: =E16*G16 -> 0 | I16: 80 | J16: =E16*I16 -> 880 | K16: =(G16+I16)*$K$3 -> 8 | L16: =+K16*E16 -> 88 | M16: =(I16+G16)*$M$3 -> 8 | N16: =+M16*E16 -> 88 | O16: =G16+I16+K16+M16 -> 96 | P16: =E16*O16 -> 1056
B17: =B16+1 -> 10 | C17: ÜÇLÜ ÇERÇEVE | D17: İŞVEREN | E17: 3 | F17: Ad | H17: =E17*G17 -> 0 | I17: 80 | J17: =E17*I17 -> 240 | K17: =(G17+I17)*$K$3 -> 8 | L17: =+K17*E17 -> 24 | M17: =(I17+G17)*$M$3 -> 8 | N17: =+M17*E17 -> 24 | O17: =G17+I17+K17+M17 -> 96 | P17: =E17*O17 -> 288
B18: =B17+1 -> 11 | C18: DÖRTLÜ ÇERÇEVE | D18: İŞVEREN | E18: 4 | F18: Ad | H18: =E18*G18 -> 0 | I18: 80 | J18: =E18*I18 -> 320 | K18: =(G18+I18)*$K$3 -> 8 | L18: =+K18*E18 -> 32 | M18: =(I18+G18)*$M$3 -> 8 | N18: =+M18*E18 -> 32 | O18: =G18+I18+K18+M18 -> 96 | P18: =E18*O18 -> 384
G19: TOPLAM | H19: =SUM(H8:H18) -> 0 | I19: TOPLAM | J19: =SUM(J8:J18) -> 11710 | K19: TOPLAM | L19: =SUM(L8:L18) -> 1171 | M19: TOPLAM | N19: =SUM(N8:N18) -> 1171 | O19: TOPLAM | P19: =SUM(P8:P18) -> 14052
B20: POZ | C20: AYDINLATMA | D20: MARKA | E20: MİK. | F20: BR. | G20: B. FİYAT | H20: TOPLAM | I20: B. FİYAT | J20: TOPLAM | K20: B. FİYAT | L20: TOPLAM | M20: B. FİYAT | N20: TOPLAM | O20: B. FİYAT | P20: TOPLAM
B21: =B18+1 -> 12 | C21: SARKIT AYDINLATMA | D21: İŞVEREN | E21: 9 | F21: Ad | H21: =E21*G21 -> 0 | I21: 350 | J21: =E21*I21 -> 3150 | K21: =(G21+I21)*$K$3 -> 35 | L21: =+K21*E21 -> 315 | M21: =(I21+G21)*$M$3 -> 35 | N21: =+M21*E21 -> 315 | O21: =G21+I21+K21+M21 -> 420 | P21: =E21*O21 -> 3780
B22: =B21+1 -> 13 | C22: APLİK AYDINLATMA | D22: İŞVEREN | E22: 7 | F22: Ad | H22: =E22*G22 -> 0 | I22: 350 | J22: =E22*I22 -> 2450 | K22: =(G22+I22)*$K$3 -> 35 | L22: =+K22*E22 -> 245 | M22: =(I22+G22)*$M$3 -> 35 | N22: =+M22*E22 -> 245 | O22: =G22+I22+K22+M22 -> 420 | P22: =E22*O22 -> 2940
B23: =B22+1 -> 14 | C23: LED MONTAJI | D23: İŞVEREN | E23: 3 | F23: Ad | H23: =E23*G23 -> 0 | I23: 350 | J23: =E23*I23 -> 1050 | K23: =(G23+I23)*$K$3 -> 35 | L23: =+K23*E23 -> 105 | M23: =(I23+G23)*$M$3 -> 35 | N23: =+M23*E23 -> 105 | O23: =G23+I23+K23+M23 -> 420 | P23: =E23*O23 -> 1260
G24: TOPLAM | H24: =SUM(H21:H23) -> 0 | I24: TOPLAM | J24: =SUM(J21:J23) -> 6650 | K24: TOPLAM | L24: =SUM(L21:L23) -> 665 | M24: TOPLAM | N24: =SUM(N21:N23) -> 665 | O24: TOPLAM | P24: =SUM(P21:P23) -> 7980
